{
    "version": "2.0.0",
    "tasks": [
        {
            "type": "shell",
            "label": "Compilar .HEX",
            "command": "ccsc I+='C:\\Program Files (x86)\\PICC\\Drivers' I+='C:\\Program Files (x86)\\PICC\\Devices' +FH +DF +PE +LN -A +Z +Y=9 +EA ${file}",
            "options": {
                "cwd": "${workspaceFolder}"
            },
            "problemMatcher": [
                "$msCompile"
            ],
            "group": {
                "kind": "build",
                "isDefault": true
            }
        }
    ]
}