{
	"partitions" : [
		{
			"name" : "Top",
			"pins" : [
				{
					"name" : "display[0]",
					"strict" : false
				},
				{
					"name" : "display[1]",
					"strict" : false
				},
				{
					"name" : "display[2]",
					"strict" : false
				},
				{
					"name" : "display[3]",
					"strict" : false
				},
				{
					"name" : "display[4]",
					"strict" : false
				},
				{
					"name" : "display[5]",
					"strict" : false
				},
				{
					"name" : "display[6]",
					"strict" : false
				},
				{
					"name" : "common[0]",
					"strict" : false
				},
				{
					"name" : "common[1]",
					"strict" : false
				},
				{
					"name" : "common[2]",
					"strict" : false
				},
				{
					"name" : "common[3]",
					"strict" : false
				},
				{
					"name" : "CLK",
					"strict" : false
				}
			]
		}
	]
}