{
	"partitions" : [
		{
			"name" : "Top",
			"pins" : [
				{
					"name" : "neg_LED",
					"strict" : false
				},
				{
					"name" : "LEDS[0]",
					"strict" : false
				},
				{
					"name" : "LEDS[1]",
					"strict" : false
				},
				{
					"name" : "display[0]",
					"strict" : false
				},
				{
					"name" : "display[1]",
					"strict" : false
				},
				{
					"name" : "display[2]",
					"strict" : false
				},
				{
					"name" : "display[3]",
					"strict" : false
				},
				{
					"name" : "display[4]",
					"strict" : false
				},
				{
					"name" : "display[5]",
					"strict" : false
				},
				{
					"name" : "display[6]",
					"strict" : false
				},
				{
					"name" : "common[0]",
					"strict" : false
				},
				{
					"name" : "common[1]",
					"strict" : false
				},
				{
					"name" : "B[1]",
					"strict" : false
				},
				{
					"name" : "B[0]",
					"strict" : false
				},
				{
					"name" : "A[0]",
					"strict" : false
				},
				{
					"name" : "A[1]",
					"strict" : false
				},
				{
					"name" : "clock",
					"strict" : false
				}
			]
		}
	]
}